column,country,2016-12-01 00:00:00,2017-01-01 00:00:00,2017-02-01 00:00:00,2017-03-01 00:00:00,2017-04-01 00:00:00,2017-05-01 00:00:00,2017-06-01 00:00:00,2017-07-01 00:00:00,2017-08-01 00:00:00,2017-09-01 00:00:00,2017-10-01 00:00:00,2017-11-01 00:00:00,2017-12-01 00:00:00,2018-01-01 00:00:00,2018-02-01 00:00:00,2018-03-01 00:00:00,2018-04-01 00:00:00,2018-05-01 00:00:00,2018-06-01 00:00:00,2018-07-01 00:00:00,2018-08-01 00:00:00,2018-09-01 00:00:00,2018-10-01 00:00:00,2018-11-01 00:00:00,2018-12-01 00:00:00,2019-01-01 00:00:00,2019-02-01 00:00:00,2019-03-01 00:00:00,2019-04-01 00:00:00,2019-05-01 00:00:00,2019-06-01 00:00:00,2019-07-01 00:00:00,2019-08-01 00:00:00,2019-09-01 00:00:00,2019-10-01 00:00:00,2019-11-01 00:00:00,2019-12-01 00:00:00,2020-01-01 00:00:00,2020-02-01 00:00:00,2020-03-01 00:00:00,2020-04-01 00:00:00,2020-05-01 00:00:00,2020-06-01 00:00:00,2020-07-01 00:00:00,2020-08-01 00:00:00,2020-09-01 00:00:00,2020-10-01 00:00:00,2020-11-01 00:00:00,2020-12-01 00:00:00,2021-01-01 00:00:00,2021-02-01 00:00:00,2021-03-01 00:00:00,2021-04-01 00:00:00,2021-05-01 00:00:00,2021-06-01 00:00:00,2021-07-01 00:00:00,2021-08-01 00:00:00,2021-09-01 00:00:00,2021-10-01 00:00:00,2021-11-01 00:00:00,2021-12-01 00:00:00,2022-01-01 00:00:00,2022-02-01 00:00:00
Alimentos y bebidas no alcohólicas,Argentina,100.0,101.3024,103.1605,106.0143,108.3515,109.7631,110.7483,112.0115,114.3467,116.4048,118.1646,119.5688,120.36,122.8752,125.5566,128.469,129.9559,134.2019,141.151,146.7848,152.6743,163.3911,173.0007,178.8975,181.9359,188.0357,198.7818,210.628,215.9985,221.2588,226.9033,232.0295,242.5051,256.3757,262.6603,276.6339,285.297,298.6501,306.6182,318.6777,328.7785,331.0146,334.4636,338.7648,350.5076,360.8692,378.0896,388.3864,405.2871,424.8374,441.0722,461.3238,481.2407,496.1796,512.2593,529.7087,537.5867,553.4373,572.3293,584.4717,609.3311,639.405,687.1658
Alimentos y bebidas no alcohólicas - constant_prices,Argentina,626.2656271251417,624.517881569017,623.0921969818769,625.4791636714625,622.7298807566883,621.9197906877826,620.1097881542789,616.5033088022683,620.6468066931682,620.0488813430478,620.0309278290207,618.8887838785427,604.0063181777398,605.7253676703472,604.437101902026,604.5528567695915,595.472201133828,602.2799601224624,610.8645903704746,616.1456861962777,616.8118614130765,619.8199748006948,622.6506143806963,623.9088339294569,618.4262363686822,621.1470670940205,632.6061258839945,640.2155177746091,634.9511132942763,630.8577478161361,629.9430039208372,630.3079041682906,633.4277510266907,632.349397167271,627.1542420250413,633.2876507293844,629.8165495265707,644.4717634662404,648.6926656824752,652.6681359683706,663.4040276305359,658.0453149185455,650.5888502031988,646.6687135709215,651.4942208697909,652.4839461229104,658.5934267609803,653.6515938173368,655.8609169903549,661.0561869308632,662.4690029108243,661.1506885840008,662.5310157875797,660.6359912761321,661.5375675085098,664.147498930955,657.585284347371,658.535029666512,657.9851400986923,655.5558962777759,658.418813416,664.9812000000011,687.1658
Alimentos y bebidas no alcohólicas - current_prices_mom,Argentina,,1.3024000000000149,1.8342112329026603,2.766368910581085,2.2046082462460204,1.30279691559414,0.8975694017388403,1.140604415598245,2.08478593715824,1.799877040614195,1.511793328110178,1.1883423631104506,0.6617110818206706,2.089730807577284,2.1822141489902025,2.319591323753589,1.1573998396500418,3.267262202023913,5.17809360374184,3.991328435505226,4.012336427204999,7.019387021915291,5.881348494501837,3.4085411215099226,1.6984027166394131,3.352719281900929,5.714925410440674,5.959398697466267,2.549755967867529,2.435340986164247,2.551084973795392,2.2592002848790704,4.514770751132935,5.719714760638017,2.451324364984675,5.320027427060725,3.1316118523434966,4.68042075451196,2.6680386177670767,3.9330672478020015,3.169597370634958,0.6801235482247092,1.0419479986683466,1.2859994331221758,3.466357779792961,2.95616985195184,4.771922901705117,2.7233756231327177,4.351516942920775,4.823815019032196,3.821414969586012,4.591447840058827,4.317336326458765,3.1042470015524515,3.240701552421754,3.40636080203911,1.4872325110008466,2.948473241618532,3.413575485425357,2.1215758130852302,4.253311152618666,4.935559665344513,7.46956936526928
Alimentos y bebidas no alcohólicas - current_prices_yoy,Argentina,,,,,,,,,,,,,20.36,21.295448084152003,21.70995681486616,21.18082183252636,19.939179429910997,22.26504171256096,27.45206924169492,31.044401690897796,33.518763549800724,40.36457259494455,46.40653799868997,49.6188805106349,51.1597706879362,53.02982212846854,58.32047060847459,63.952393184347976,66.20907554024093,64.87009498375211,60.75217320458231,58.074609905112816,58.83819346150598,56.90921965761906,51.82614868032327,54.63262482706577,56.811822185725866,58.82627607417104,54.24862839555733,51.29883016503032,52.213325555501534,49.6051682464155,47.40358558028903,46.00074559484892,44.53617676494228,40.75795794999291,43.94623016877694,40.39725427722343,42.05796065153156,42.25255575002318,43.85062595762417,44.76187069255238,46.37231449136729,49.89659066397676,53.15846029283906,56.364740374442704,53.37376422080431,53.36229858353112,51.37398648362714,50.48716947864293,50.345545170324925,50.505817049063936,55.79440282112542
Bebidas alcohólicas y tabaco,Argentina,100.0,100.925,105.2395,107.2901,109.8338,111.7182,112.4572,115.794,117.3256,118.1383,121.695,123.0467,123.7178,126.558,128.7394,129.6226,131.2858,133.4078,134.6168,138.1218,139.9915,146.1856,149.5775,156.5108,158.6722,164.1486,168.0165,174.827,176.6323,180.4588,185.3625,186.9476,195.1481,206.218,218.9538,231.1972,238.3667,248.7265,251.9682,259.1936,262.827,263.0259,272.9822,276.7322,280.3346,292.3052,297.8662,306.7433,317.1521,331.4265,343.3155,365.3793,378.4685,384.5689,405.6917,418.2942,426.7422,451.7961,461.7273,466.8177,491.9092,500.7578,514.0762
Bebidas alcohólicas y tabaco - constant_prices,Argentina,626.2656271251417,622.191253093244,635.6494129465661,633.0063210173305,631.2491213970637,632.9974240889318,629.6783830399507,637.3219190837534,636.8155703956473,629.2826477840208,638.5555721608052,636.8904139145653,620.8568699821367,623.8800920089961,619.7592945062679,609.9814985086056,601.5659489381821,598.7161468207637,582.5862826971407,579.7817705897684,565.5727106461841,554.5513489304158,538.3476614402636,545.8347418234824,539.3495811565438,542.239699469779,534.698182376798,531.3963875932051,519.2298813590306,514.5279290206877,514.6148604461733,507.8429680074815,509.7304019591,508.63567797197743,522.7961914210198,529.271111180559,526.2140594399352,536.7391675937354,533.0731291398065,530.8416741018636,530.3281399788941,522.8861844680986,530.9970221690481,528.254575970263,521.0625156482897,528.514072046732,518.8524661198602,516.2468277411091,513.2353512643673,515.7068053279719,515.6431916788932,523.6468957147674,521.0430450886669,512.03245047856,523.9149399071762,524.4562657689494,521.9983882228163,537.5921682848524,530.8302443678682,523.5926662006559,531.537405152,520.7881120000008,514.0762
Bebidas alcohólicas y tabaco - current_prices_mom,Argentina,,0.924999999999998,4.2749566509784565,1.9485079271566172,2.37086180365198,1.7156831503599037,0.6614857740278701,2.96717328903795,1.3226937492443414,0.6926876998711418,3.010623989002714,1.1107276387690712,0.5454026804457168,2.295708459089973,1.723636593498612,0.6860370640223712,1.2831095811995707,1.6163210339579903,0.9062438628026248,2.603686909806191,1.3536603200942965,4.424625780850966,2.3202695751154634,4.635255970984953,1.3809909603682335,3.451392241362994,2.3563405353442146,4.053470938866122,1.0326208194386457,2.1663648154952364,2.717351550603242,0.8551352080383046,4.386523282459898,5.672563555576504,6.17589153226199,5.591773241661024,3.1010323654438787,4.346160768261664,1.3033191075337849,2.8675840840233,1.4018093039334325,0.0756771564565106,3.785292627075898,1.3737159419185518,1.301763943624934,4.270111502468832,1.902463589426384,2.9802307210418544,3.393325950395676,4.500805764804938,3.587220695991422,6.426683327726246,3.58235948232426,1.6118646598065611,5.492591834649141,3.1064229315019176,2.0196311591219818,5.870968467613458,2.198159745070849,1.102468924839406,5.375010416271708,1.7988279137694407,2.659649035921152
Bebidas alcohólicas y tabaco - current_prices_yoy,Argentina,,,,,,,,,,,,,23.71779999999999,25.398067872182327,22.32992365034039,20.81506122186485,19.531328243218397,19.414562712252813,19.704918849126617,19.282346235556247,19.318801693748,23.74107296279022,22.911787665886017,27.19625963150576,28.2533313718802,29.702270895557746,30.50899724559848,34.87385687372417,34.54029300960195,35.26855251342125,37.69640936346725,35.349814439139934,39.39996356921669,41.06587789768624,46.381507913957655,47.71964618416112,50.22587447580609,51.52520338278852,49.96634259135262,48.25719139492184,48.79894560621134,45.753989276222605,47.26937757097578,48.026612804871526,43.65223130535221,41.745725397395006,36.0406624593864,32.67604451957029,33.05218388306756,33.249372302508974,36.2535034182885,40.96771679547644,43.99909446137573,46.20951776992304,48.61470821174423,51.15487102693508,52.22601847934576,54.563141538364704,55.01164616864889,52.18513330201509,55.10198418992023,51.09165984011539,49.73870972909757
Bienes,Argentina,100.0,101.1903,102.7002,104.9817,107.4919,109.0098,110.1215,111.4205,112.8612,114.9903,116.8116,118.602,120.0841,122.0571,124.237,126.9088,129.6896,133.2216,138.9729,144.1465,148.6981,161.5813,171.0262,177.3628,180.7733,185.5353,192.3845,202.0032,209.6065,216.1589,222.0468,226.5037,237.6064,254.5303,263.3998,277.0656,286.3123,293.7136,300.0495,309.7355,316.9003,323.3135,332.6884,340.4366,351.5877,364.3829,381.1304,393.9743,409.2986,426.448,443.5383,466.0937,487.9835,505.134,522.2312,537.4829,550.9627,570.0767,590.5328,605.5459,628.9364,653.0302,688.9779
Bienes - constant_prices,Argentina,626.2656271251417,623.826797700087,620.3119725910417,619.3868743821199,617.7894913250843,617.6515787083003,616.600164844349,613.250486944672,612.5838645064439,612.5143196870016,612.9314932661089,613.8846216200457,602.6217606570914,601.6924633634479,598.0844673159515,597.2108258739519,594.2519852978256,597.8805064268884,601.4383435547529,605.0711255885606,600.7478131524939,612.9545446126717,615.5441481172957,618.5565350575804,614.4743921070371,612.8873795636107,612.2472642119618,613.9999586006036,616.1611331963728,616.3168055888099,616.4600876364925,615.2970740072416,620.6322571424199,627.797727186331,628.9199468612024,634.2759254087347,632.0579076296503,633.8190469248727,634.795683986449,634.3540556123985,639.4363846094715,642.7358005505412,647.1357828832253,649.8600154870234,653.5018204424148,658.8370315108905,663.8901894650979,663.055990421059,662.3525770222356,663.5623153806438,666.1729652282826,667.9867171380812,671.8139258433013,672.5582849784186,674.4153941666848,673.8947722647496,673.9470372765832,678.3342513175154,678.9130088934343,679.1931674567518,679.603516384,679.1514080000011,688.9779
Bienes - current_prices_mom,Argentina,,1.1902999999999997,1.4921390686656766,2.2215146611204384,2.391083398344662,1.412106400575297,1.0198165669508708,1.1796061622843856,1.2930295591924157,1.886476486161781,1.583872726656077,1.5327244896911063,1.249641658656686,1.6430151868565446,1.7859673873949156,2.150567061342445,2.1911798078620315,2.723425779707833,4.317092723702465,3.72274018891452,3.157620892633539,8.663997724247974,5.845292741177355,3.705046361317743,1.9228947671101395,2.6342385739486884,3.691588608744522,4.999727108992658,3.763950274055072,3.1260480948825498,2.7238758154302323,2.007189475371862,4.90177423150262,7.12266167914668,3.4846538899298007,5.188234767072708,3.337368478800684,2.5850443728753447,2.157169433080397,3.228134024552598,2.3131994879502127,2.0237279674395925,2.8996314722397942,2.3289660835785098,3.275529129359178,3.6392626932057137,4.596126766651243,3.369948972844994,3.8896699607055663,4.189948365325447,4.007592953888861,5.08533310426631,4.69643764762322,3.514565553958282,3.3846860437032333,2.920488090332407,2.5079495552323694,3.469200365106362,3.588306626108384,2.5422973965205653,3.862712966927884,3.830880197107378,5.504753072675639
Bienes - current_prices_yoy,Argentina,,,,,,,,,,,,,20.084100000000007,20.621344140693346,20.9705531245314,20.88659261566539,20.650579252948376,22.210663628407712,26.199606797945908,29.37161473875991,31.753073686971263,40.51733059223255,46.4120001780645,49.544527073742415,50.53891397778722,52.006970508065486,54.85282162318794,59.17194079527977,61.621672053888666,62.255144811351904,59.77705005796092,57.13437371007968,59.79114729777986,57.52460216621602,54.01137369596005,56.21404262900678,58.381962380506415,58.3060474206256,55.96344819878942,53.33197691917753,51.188202655929096,49.57214345557828,49.828054266037626,50.300679414949954,47.97063547109841,43.15894807022976,44.69654115151187,42.19531403393275,42.95529741474608,45.191778657849,47.82170941794603,50.48120089560286,53.98644305480303,56.23659389416156,56.97307149873574,57.88046878625859,56.70704635002877,56.44990475678193,54.94245539059597,53.70187852354835,53.6619964006718,53.13243349716732,55.33673191244137
Bienes y servicios varios,Argentina,100.0,101.9345,103.7951,105.6633,107.5442,108.9336,110.3729,111.8348,113.6021,115.4941,117.0803,118.5168,119.8176,122.7189,124.8704,127.1891,129.3332,131.8763,136.0669,141.4245,148.3437,160.1018,170.0438,177.5239,183.608,190.2864,196.1795,202.2281,208.235,214.0404,218.5697,224.4509,234.3934,253.668,263.4181,276.2862,286.2711,295.0698,302.2693,308.4361,308.9516,314.8969,315.9472,323.2643,334.0208,340.0843,347.2283,356.3987,362.5783,369.9824,381.9169,390.3459,404.5705,416.3379,424.5201,438.0619,452.5377,462.336,477.8239,487.5849,503.0842,524.7001,547.448
Bienes y servicios varios - constant_prices,Argentina,626.2656271251417,628.4147068460072,626.9251980647012,623.4082809089608,618.0900757448992,617.2198280739759,618.0078216728691,615.5307646022052,616.6052942379443,615.1978913818168,614.341410536659,613.4436259390114,601.2843754477663,604.9548714679656,601.1336934047812,598.5298691120289,592.6189213701078,591.8429821418167,588.8619360222764,593.6452248289024,599.316019303203,607.3420990589199,612.008370726987,619.1183747319528,624.1099442560869,628.5819090091915,624.3245280647378,614.6835546559596,612.1294595880695,610.2764937966982,606.8067471212461,609.720644864927,612.239842450734,625.6708684973939,628.9636417881824,632.4916741113394,631.9669552472541,636.7456577166083,639.49197396298,631.6928183313547,623.3976241843619,626.0038974938681,614.5712883940737,617.0797822690091,620.8499354944207,614.9029789143759,604.8361974658643,599.8165185223451,586.7468673905585,575.7006199913882,573.6206179799883,559.4280212097046,556.9780451293688,554.3311358877373,548.2301528004847,549.240960667518,553.5518868536094,550.1335950357817,549.3358906909074,546.8855996466718,543.612663152,545.6881040000009,547.448
Bienes y servicios varios - current_prices_mom,Argentina,,1.9344999999999943,1.825289769410765,1.7998922877862311,1.7800882614871891,1.2919339211226566,1.3212635954379603,1.3245099114003622,1.5802773376444534,1.6654621701535532,1.3734034898752243,1.2269357013946935,1.097565914705756,2.421430574473193,1.7531936808429682,1.8568852185946396,1.685757663195986,1.9663164601200436,3.177674836191202,3.9374748744918753,4.89250448118963,7.926255041501573,6.20979901537646,4.398925453324365,3.4272005065233424,3.637314278244941,3.096963314246315,3.083196766226859,2.970358718694377,2.7879078925252765,2.116095839850796,2.6907663779563107,4.429699323994707,8.22318375858706,3.8436460255136575,4.885047762473427,3.6139698616868943,3.0735551021392027,2.4399311620504798,2.040167493026912,0.1671334840506633,1.9243467261538691,0.3335377388599125,2.3159249393569503,3.327463007823628,1.8153061126732208,2.100655631559589,2.6410289714288826,1.733900825115242,2.0420692578678734,3.225693978956845,2.207024617135289,3.64410129579944,2.9086154329097225,1.965278683492433,3.189907851241891,3.304510161691754,2.165189773139353,3.349922999723143,2.0428027982694053,3.178789991240505,4.296676381408915,4.335409884617891
Bienes y servicios varios - current_prices_yoy,Argentina,,,,,,,,,,,,,19.81759999999999,20.38995629546425,20.30471573320898,20.372068636887164,20.2605068427679,21.06117855280647,23.279265109460745,26.458401141683986,30.58182903309008,38.62335824946901,45.23690151118507,49.78796255045697,53.23959084475069,55.05875623070284,57.10648800676541,58.99798017282929,61.00660928516422,62.30391662489774,60.63399695296947,58.70722541002442,58.00697973692175,58.44169147379981,54.91191093118359,55.63324149593378,55.914284780619575,55.06615291476427,54.077923534314245,52.51891304917567,48.36679712824452,47.12030999755188,44.55214972615143,44.02450602782169,42.504353791531656,34.06669347335887,31.816416563630213,28.996200316917744,26.65557228794664,25.388094613545675,26.349880718948302,26.55648933441965,30.949475581288468,32.21403576853248,34.36425453366891,35.51199436498247,35.48189214563882,35.947469495063444,37.610874459253466,36.8088323554491,38.751877870242105,41.8175837553354,43.342177316583786
Comunicación,Argentina,100.0,103.0516,107.2514,110.6933,118.2686,118.6553,120.1049,121.2281,123.052,124.3454,130.9342,131.8833,134.1367,136.6524,149.113,153.2069,154.7928,160.8721,161.4822,162.4498,182.6004,186.4637,187.8155,193.5208,208.333,223.7092,226.1415,236.0623,244.3102,249.1176,266.8665,267.4442,270.5675,288.7594,290.1029,311.5568,341.3832,341.8435,349.775,378.653,363.1467,364.3572,365.8524,368.496,369.5853,370.0946,369.6031,367.4745,367.3696,422.9513,430.6911,430.982,433.2713,437.5563,468.3691,470.0952,467.3059,480.2655,485.73,489.7423,498.8013,536.1267,544.0338
Comunicación - constant_prices,Argentina,626.2656271251417,635.301502474746,647.8013431049876,653.0850338872614,679.7265490118778,672.3031632670364,672.4999308819265,667.2308179946904,667.8971134034277,662.3457638358025,687.0353177732635,682.6287054054987,673.1423587530078,673.6414283194277,717.8390429170335,720.9651283330073,709.2776036768504,721.9722073444324,698.8527035240492,681.9012833307542,737.7148126356062,707.3452950328648,675.9708860439158,674.907903515117,708.1537679006544,738.988997631565,719.6760378293957,717.5244868752736,718.176438628728,710.2893447734557,740.8913165028455,726.5119012193069,706.7272524409346,712.2236331929388,692.6789635082513,713.2353407907154,753.6314405350886,737.6809292026747,739.9967684210778,775.5006004148752,732.7516349175445,724.3292241998977,711.645429458036,703.4226527550392,686.9542545394962,669.1642984404879,643.810811433272,618.4570124294489,594.5004485224915,658.1213745198788,646.8770953589144,617.6660429557501,596.4908506296437,582.582274623174,604.8572570769335,589.4042354589362,571.6166027334831,571.4679066450745,558.4252319427607,549.3053853961438,538.984732728,557.5717680000009,544.0338
Comunicación - current_prices_mom,Argentina,,3.0515999999999988,4.075434054396054,3.209188877720925,6.843503626687442,0.3269675974857167,1.221690055142921,0.9351824946359332,1.5045191667608426,1.0511003478204328,5.298788696646595,0.7248679107521028,1.708631797960769,1.8754747954884852,9.118464073810628,2.745501733584588,1.035136145956872,3.927379051222024,0.3792453756742198,0.5991991687009479,12.404201174762909,2.11571278047582,0.7249668434124112,3.037715204549163,7.654060958821995,7.380587808940509,1.087259710374,4.386987793041075,3.4939505376335056,1.9677442857481964,7.124707367122984,0.2164752788379464,1.1678323927009735,6.72360871131974,0.4652662389518669,7.395272505031847,9.573342645706973,0.1348338172470153,2.320213782037684,8.256164677292555,-4.095121390824852,0.3333363624121954,0.4103665304267423,0.7225864856975184,0.2956070079458195,0.137803099852718,-0.1328038831152955,-0.5759150829633186,-0.0285461984437018,15.129640558173564,1.82995063497855,0.0675426076833352,0.5311822767540164,0.9889877312436955,7.04201950697545,0.3685341325890157,-0.5933479005954423,2.7732583731555627,1.137808149867103,0.8260350400428162,1.849748326824141,7.483019791648493,1.4748565963978333
Comunicación - current_prices_yoy,Argentina,,,,,,,,,,,,,34.1367,32.60580136552951,39.03128537249862,38.4066605657253,30.882415112717982,35.57936307944103,34.45096744595766,34.00341999915861,48.39287455709782,49.95625089468527,43.44266051192125,46.73639497950084,55.31394465496766,63.706747923929626,51.65780314258315,54.080723518327176,57.83046756696695,54.854446482640576,65.2606293449061,64.63190474842075,48.17464802924856,54.860919310300105,54.46163921508076,60.993960339147016,63.86419818271709,52.80708169355575,54.67085873225391,60.403842544955296,48.64164492518117,46.259116176456416,37.091916744889296,37.78425555686007,36.59633917599121,28.167117676515453,27.40413832471169,17.947834873127455,7.612091046073743,23.726588336475608,23.133757415481384,13.819776946175,19.31026772376012,20.089928235259254,28.02132772670072,27.57131692067214,26.44060789214289,29.76830788668625,31.419352272748814,33.272458361056344,35.776422436695924,26.75849441767884,26.316471364279412
Educación,Argentina,100.0,100.7952,103.9808,115.3409,118.6783,120.69,121.8757,122.8868,125.3185,129.9791,131.0253,131.4832,131.4716,132.3079,134.8324,153.4357,154.6926,156.0746,157.9789,160.7826,163.8623,166.5346,170.0009,171.9664,173.7237,174.7196,177.646,209.4616,212.6984,219.6863,223.5381,228.213,233.9485,236.3192,240.0651,250.6401,255.5638,256.9216,260.6158,306.0975,301.6002,300.3424,301.4521,301.7724,304.0824,304.9813,305.3871,306.746,306.8977,308.6755,309.01,397.0482,406.8828,416.1535,420.9305,431.6135,449.9,463.9288,470.3893,474.3662,479.1164,482.7713,495.5553
Educación - constant_prices,Argentina,626.2656271251417,621.3910507186936,628.0468310635674,680.5056456451044,682.0812227556286,683.8318117665087,682.4151206669037,676.3601845178626,680.1991386247071,692.3545726033303,687.5133358728061,680.5577855465574,659.7680048266577,652.2247888360833,649.091366750093,722.0418214934498,708.8184762762967,700.4416767879536,683.6913378982662,674.9030240557717,662.0119448946415,631.7447619573147,611.8539683959158,599.7364753506704,590.5117899163499,577.1593750752672,565.343244898618,636.670180118019,625.2501099586863,626.3742027167282,620.6003271206566,619.9403857438735,611.0777555237713,582.8801390266385,573.2036620195962,573.7810156585219,564.1780695201793,554.4237776065303,551.3683076248271,626.9032466017495,608.5640861983832,597.0700663698573,586.3758421853371,576.0538571280415,565.2029407300043,551.4336000902687,531.9531049719382,516.2513718222183,496.64104025080206,480.3057570472319,464.1179983446561,569.0334876090028,560.1614219048693,554.0856173763126,543.5945019644167,541.1559721972392,550.3254069118195,552.0288677166307,540.7886149834122,532.0592244327358,517.714017184,502.0821520000008,495.5553
Educación - current_prices_mom,Argentina,,0.7951999999999959,3.1604679587917017,10.92519003508341,2.8935095876657657,1.6950866333609538,0.982434335901905,0.8296157478480115,1.978813021414827,3.719003977864399,0.8048986337034103,0.3494744908044689,-0.0088224198985242,0.6361069615034687,1.9080493303876844,13.79735137845206,0.8191705059513499,0.8933846867917428,1.22012165977039,1.7747306760586223,1.915443586557264,1.6308205121007058,2.0814293245968063,1.1561703496863809,1.021885670689171,0.5732666297114442,1.674912259414496,17.909550454274246,1.545295175822203,3.28535616628991,1.7533182542561754,2.0913213452203427,2.513222296714046,1.0133426801197665,1.5851018453007626,4.40505512879632,1.9644502216524808,0.5312959034104336,1.4378705410521997,17.451628028692067,-1.4692377428760617,-0.4170421637651356,0.3694783020978587,0.1062523697794803,0.7654775585838935,0.2956106634254274,0.1330573382695821,0.4449762285309466,0.0494545976149618,0.5792809786453246,0.1083662292601816,28.49040484126728,2.4769284938201297,2.278469377422687,1.1478937459374894,2.5379486637342685,4.236776653186247,3.11820404534342,1.3925628242954513,0.8454486528498784,1.0013782600868382,0.7628417645482388,2.648044736710742
Educación - current_prices_yoy,Argentina,,,,,,,,,,,,,31.4716,31.26408797244313,29.67047762663877,33.02800654407933,30.346154267460857,29.31858480404341,29.622968319361465,30.837974461048724,30.75667199974465,28.12413688046773,29.74662145402453,30.78963700305437,32.1378153152468,32.055304331789735,31.75319878604843,36.51425320182984,37.49746270991632,40.75724044783711,41.498706472826406,41.93886651913825,42.77140013291647,41.90396470162956,41.2140171022624,45.749460359698176,47.10934662340256,47.04795569586926,46.70513267959875,46.1353775584642,41.79711742072343,36.714214768968304,34.85490840263918,32.232782532108175,29.9783499359902,29.054812304713277,27.210119255152023,22.385045329937235,20.08653025193709,20.14384932991231,18.56917347298208,29.712983608164052,34.908000724137445,38.55969053986384,39.63429015754079,43.026168065734296,47.95331791645947,52.11712980435197,54.03050750997669,54.64462454278134,56.11599565588144,56.40091293283725,60.36869356978738
Equipamiento y mantenimiento del hogar,Argentina,100.0,100.8773,101.3278,102.1787,103.3147,106.1577,107.4904,110.0984,111.1513,112.2879,113.0973,114.1215,117.436,118.6538,120.7253,126.1821,127.7561,130.576,135.829,141.5414,145.9741,160.1563,167.0385,172.9721,176.1826,180.8936,185.932,192.9944,201.8547,208.3447,215.4878,220.9243,234.3379,251.7058,272.1918,273.7052,288.4718,284.7446,290.661,299.0795,302.7645,311.3316,323.992,336.5455,348.1836,357.1864,373.2176,387.9375,397.2227,409.0026,427.6367,441.1744,460.1121,470.991,486.2222,499.4892,515.857,533.8161,548.5192,563.3426,582.338,601.6662,628.3237
Equipamiento y mantenimiento del hogar - constant_prices,Argentina,626.2656271251417,621.8971879679277,612.0226396473478,602.849312036558,593.7818194617798,601.4915264227816,601.8679218788794,605.9737428195824,603.3029322647208,598.1195516281117,593.4418925292102,590.6935283234013,589.3327183576026,584.915561728354,581.1789301259564,593.7911015745921,585.3924760266632,586.0074117650394,587.8323670780313,594.1359257101677,589.7427159587342,607.5488434203119,601.1919295715563,603.2438754780219,598.8699439288728,597.5542362225839,591.7127332475251,586.6172100746342,593.3738729143126,594.0367940684326,598.2505853387438,600.14063949992,612.0948754369188,620.8311118936222,649.9126134190498,626.5830872514769,636.8251811681124,614.464399976726,614.9330303939358,612.5300257010525,610.9133922186072,618.9162072189403,630.2197989707544,642.4322879563714,647.1745639798935,645.8251127373472,650.1069008814546,652.8960982581087,642.8106008589581,636.4168955012177,642.2895350400123,632.273380097956,633.4429672909138,627.0987484514412,627.9129563028648,626.2583622338533,631.0051421056022,635.187764268801,630.611577388791,631.8570480905278,629.2511492799999,625.732848000001,628.3237
Equipamiento y mantenimiento del hogar - current_prices_mom,Argentina,,0.8773000000000142,0.4465821349302512,0.8397498021273542,1.1117776992660922,2.7517865318294588,1.255396452636015,2.4262631825725967,0.9563263408006062,1.0225701363816508,0.7208256633172594,0.905591910682202,2.9043607032855467,1.0369903607071018,1.7458353630477983,4.520013617692409,1.2474035540698702,2.207252726092923,4.02294449209657,4.205582018567466,3.1317338955245466,9.715559130010051,4.297177195027624,3.552234963795775,1.856079679902134,2.6739303427239625,2.7852837247973383,3.7983779015984487,4.590962224810657,3.215183991257065,3.4285009409886547,2.5228806456792485,6.071581985322583,7.411477187428939,8.138866883480622,0.556004993537651,5.395074700809488,-1.2920500374733246,2.077791817649932,2.896329400917219,1.2321138693892395,2.829625005573644,4.066532276196844,3.874632706980408,3.4581059618981724,2.585647342379138,4.488188800021509,3.944053013577076,2.3934783309166985,2.9655656637951555,4.555985707670329,3.1657011664340207,4.292565479773991,2.3644020663659893,3.23386221817401,2.728587876078059,3.27690768889497,3.4814105459458844,2.7543380576194654,2.7024395864356343,3.3719090301354893,3.3190689942954155,4.430612854768978
Equipamiento y mantenimiento del hogar - current_prices_yoy,Argentina,,,,,,,,,,,,,17.436000000000007,17.621903044589814,19.14331506259883,23.491588755777855,23.657233675362743,23.001911307422816,26.363842724559603,28.558998132579603,31.329188232616257,42.63006076344824,47.694507295930144,51.5683723049557,50.02435369052078,52.45495719479696,54.0124563782405,52.949110848527646,58.00004852997234,59.558188334762896,58.646386265083294,56.08458020056322,60.53388923103482,57.16259678826248,62.95153512513583,58.236617350428176,63.73455721507115,57.409991287696194,56.32650646472905,54.96796798249066,49.99130562726555,49.431015043819215,50.35282739904534,52.33521165394664,48.58185551718268,41.90630490040357,37.11566623241404,41.73552420633588,37.69897092194108,43.63840438062741,47.12558616395044,47.51074547068588,51.9702937431568,51.28274804099553,50.07228573545024,48.4165439739946,48.15660473382432,49.4502870210064,46.97034652170744,45.21478330916706,46.60239709362028,47.10571522039226,46.9293210802534
Estacional,Argentina,100.0,101.6969,102.3345,104.7868,108.1867,109.0536,110.0769,110.589,111.7749,116.214,119.0242,121.0614,121.4632,124.7001,123.8509,125.8663,126.9623,130.1734,134.5438,139.6235,142.3224,147.9747,157.1936,161.9369,164.2686,166.073,169.2729,177.3407,180.1891,181.3032,185.7752,192.5377,199.9586,217.0323,223.1837,239.5597,244.6754,253.5739,259.9507,272.7059,285.8904,299.283,313.5633,316.5328,329.1168,355.0322,388.9845,396.9082,402.2137,414.3419,427.2775,457.8837,467.7635,474.7275,477.1486,500.4272,503.3702,535.3815,578.9276,581.892,603.6269,658.2543,713.7013
Estacional - constant_prices,Argentina,626.2656271251417,626.9499296180167,618.1031347467479,618.2369739535969,621.782723732109,617.8997503327545,616.3504373401645,608.6739702363958,606.6876853765626,619.0325544685526,624.5414037715774,626.6144899056761,609.5425409279366,614.7213914689787,596.2257584544152,592.3050014868834,581.7551972785645,584.2005974655003,582.2703578004199,586.085325024294,574.9896640415344,561.3382541958551,565.7589340199978,564.7583809117012,558.3725479773509,548.5966594295938,538.6965682278197,539.0369185151625,529.6854822996163,516.9355000743857,515.7606237634901,523.0284690540775,522.2955158322262,535.3090954830209,532.895927575824,548.4150699622719,540.1410326152518,547.1996108556873,549.9611977665559,558.515551670471,576.8651016441311,594.9640166469004,609.9341955684288,604.2300102578597,611.734790318837,641.9301255321827,677.571228650316,667.9937235937466,650.887349012795,644.7249618317244,641.7500341015138,656.2204758271523,643.9767600773449,632.0736937764874,616.1952046240857,627.4344243864992,615.7310738881617,637.0504336903233,665.5709536328119,652.6624498617599,652.255083064,684.584472000001,713.7013
Estacional - current_prices_mom,Argentina,,1.6969000000000012,0.6269610971425976,2.3963570447893767,3.244588058801301,0.8012999749507088,0.9383459143026852,0.4652202233166091,1.0723489677996856,3.971464076460807,2.418125182852316,1.71158470294277,0.3318976981928179,2.6649223797825305,-0.6809938404219507,1.6272792527143531,0.8707652485216544,2.5291759837368977,3.3573679415303204,3.775499131137972,1.9329840607061,3.971476029072041,6.230051488531485,3.017489261649331,1.439881830515466,1.0984448640823707,1.9268032732593363,4.766149808977116,1.6061738788670563,0.6182948913113995,2.466586359203804,3.640152183929812,3.8542581530785824,8.538617493821231,2.8343246604307204,7.337453407215677,2.1354593447896253,3.6368592837694447,2.5147698560459064,4.9067765541696895,4.834695545640932,4.684522460355445,4.771503894307405,0.9470177154022652,3.975575359014938,7.874225806765245,9.563160749926356,2.037022040723979,1.3367070773544043,3.015362231569929,3.12196280414796,7.163073178437895,2.1577094795032004,1.4887865342208206,0.509997840866605,4.8786897834343534,0.5880975294708213,6.35939513304522,8.133657961659125,0.512050211459969,3.735212032473356,9.049861760633917,8.423340341263241
Estacional - current_prices_yoy,Argentina,,,,,,,,,,,,,21.463199999999997,22.619371878592176,21.025558340540076,20.1165604828089,17.354813484467122,19.366439989142936,22.22709760176751,26.254419517311867,27.32948094786931,27.32949558572979,32.06860453588432,33.76427168362501,35.24145584835572,33.17792046678392,36.67474358280805,40.89609371213741,41.92331109313552,39.27822427623464,38.07786014665857,37.89777508800452,40.49692810126868,46.66851833455312,41.9801442297905,47.93397922277131,48.948368708322846,52.68821542333792,53.56900011756165,53.7751345291859,58.66131747147858,65.07320334114345,68.78641497896383,64.40042651387235,64.59247064142279,63.58495947377418,74.28893776740865,65.68237479008366,64.38665268351458,63.40084685371799,64.3686668279793,67.90384806489335,63.61637186838034,58.62160563747357,52.16978517575237,58.09647530998368,52.94576272010423,50.79801212397073,48.83050609985744,46.606192565434526,50.07616597843385,58.86742325601151,67.03460865596713
Nivel general,Argentina,100.0,101.5859,103.6859,106.1476,108.9667,110.5301,111.8477,113.7852,115.3819,117.5719,119.3528,120.994,124.7956,126.9887,130.0606,133.1054,136.7512,139.5893,144.8053,149.2966,155.1034,165.2383,174.1473,179.6388,184.2552,189.6101,196.7501,205.9571,213.0517,219.5691,225.537,230.494,239.6077,253.7102,262.0661,273.2158,283.4442,289.8299,295.666,305.5515,310.1243,314.9087,321.9738,328.2014,337.0632,346.6207,359.657,371.0211,385.8826,401.5071,415.8595,435.8657,453.6503,468.725,483.6049,498.0987,510.3942,528.4968,547.0802,560.9184,582.4575,605.0317,633.4341
Nivel general - YTD_change,Argentina,,0.0158589999999998,0.0368589999999999,0.0614759999999998,0.0896669999999997,0.1053009999999998,0.1184769999999997,0.1378519999999996,0.1538189999999997,0.1757189999999997,0.1935279999999999,0.2099399999999998,0.2479559999999996,0.0175735362464701,0.0421889874322491,0.0665872835260219,0.0958014545384615,0.1185434422367457,0.1603397876207175,0.1963290372416981,0.2428595238934712,0.3240715217523704,0.3954602566116123,0.439464211879266,0.4764559006888071,0.0290624090934745,0.0678130115188064,0.1177817505286145,0.1562859555659757,0.1916575488778604,0.2240468654344625,0.2509497696672873,0.3004121457630502,0.3769500128083221,0.4222996148819677,0.4828118826497158,0.5383240201633386,0.0225289492605598,0.043118892536873,0.0779952456250647,0.0941282270019989,0.1110077397949931,0.1359336334982332,0.1579048010155084,0.189169508495852,0.222888667328525,0.2688811413322267,0.3089740414515447,0.3614058781234539,0.0404902941982872,0.0776839898974455,0.1295292920696606,0.1756174028059312,0.2146829113310631,0.2532436031062299,0.2908037314976113,0.3226670495119506,0.3695792450864594,0.4177374154729967,0.4535985815374941,0.5094163354346637,0.0387568191670637,0.0875198619641777
Nivel general - YTD_sum,Argentina,100.0,101.5859,205.2718,311.4194,420.3861,530.9162,642.7639,756.5491,871.931,989.5029,1108.8557,1229.8497,1354.6453,126.9887,257.0493,390.1547,526.9059,666.4952000000001,811.3005,960.5971,1115.7005,1280.9388,1455.0861,1634.7249,1818.9801,189.6101,386.3602,592.3172999999999,805.369,1024.9381,1250.4751,1480.9691,1720.5768,1974.287,2236.3531,2509.5689,2793.0131,289.8299,585.4959,891.0473999999999,1201.1717,1516.0804,1838.0542,2166.2556,2503.3188,2849.9395,3209.5965,3580.6176,3966.5002,401.5071,817.3666000000001,1253.2323,1706.8826,2175.6076000000003,2659.2125,3157.3112,3667.7054,4196.2022,4743.2824,5304.2008000000005,5886.6583,605.0317,1238.4658
Nivel general - constant_prices,Argentina,626.2656271251417,626.2656271251421,626.2656271251418,626.2656271251419,626.2656271251421,626.265627125142,626.2656271251418,626.2656271251421,626.2656271251418,626.2656271251417,626.265627125142,626.2656271251396,626.2656271251407,626.0032699639912,626.1196315895671,626.3709519141519,626.6090117623927,626.457882023447,626.6794444812554,626.6892488443708,626.6255477542518,626.8272809358016,626.7773675929602,626.4941334366715,626.3098699451775,626.3478557869805,626.1404139025229,626.0180575035464,626.2886737835595,626.0400396097962,626.1497971836191,626.1367199574449,625.8596893000517,625.7749545888622,625.7354701337,625.4627221181112,625.7263414172571,625.4382193685658,625.5217912429031,625.7850108348955,625.7638795909726,626.0273554764345,626.2940551305275,626.5042210116736,626.504894238751,626.7213775625227,626.4857221372232,624.4259154153223,624.4593422455893,624.7537353153672,624.6007531555922,624.6651650861012,624.5469139899021,624.0816934249312,624.5329448995774,624.5149566653522,624.3229513234777,628.8583293295493,628.957214041323,629.1380137835519,629.3802762,629.232968000001,633.4341
Nivel general - cumsum_12,Argentina,,,,,,,,,,,,1329.8497,1354.6453,1380.0481,1406.4228,1433.3806,1461.1651000000002,1490.2243,1523.1819,1558.6933,1598.4148,1646.0812,1700.8757,1759.5205,1818.9801,1881.6015,1948.291,2021.1427,2097.4432,2177.423,2258.1547,2339.3521,2423.8564,2512.3283,2600.2471,2693.8241000000003,2793.0131,2893.2329000000004,2992.1488,3091.7432,3188.8158,3284.1554,3380.5922,3478.2996,3575.7551,3668.6656,3766.2565,3864.0618,3966.5002,4078.1774,4198.3709,4328.6851,4472.2111,4626.0274,4787.6585000000005,4957.555799999999,5130.8868,5312.762900000001,5500.186100000001,5690.0834,5886.658300000001,6090.1829,6307.7575
Nivel general - current_prices_mom,Argentina,,1.5858999999999843,2.0672160211210544,2.374189740360056,2.655830183631092,1.434750249388128,1.1920734713892325,1.7322662871029015,1.4032580687119325,1.898044667317844,1.5147326869770827,1.3750829473627713,3.1419739821809234,1.7573536246470178,2.419034134533238,2.3410625508417,2.7390323758465174,2.0753748413176565,3.736676091935398,3.1016129934470893,3.8894388753662135,6.534286160071301,5.391607151610733,3.15336499618426,2.569823445714392,2.9062409093474573,3.765622189957196,4.679540188289599,3.444697949233122,3.0590696999836187,2.718005402399526,2.197865538692101,3.953985787048686,5.885662272122305,3.293482090984124,4.254537309480311,3.743707355138337,2.2528949260559816,2.013629373642956,3.343468643672254,1.496572590872569,1.542736251238619,2.2435391591276943,1.9341946456512995,2.7001103590661213,2.835521646978956,3.760969843982198,3.1597049410966527,4.005567338353533,4.04902941982872,3.57463168148211,4.810807496281799,4.080293539959667,3.3229780736395487,3.1745479758920503,2.9970333220362466,2.4684866674014705,3.546787953311381,3.51627483837178,2.5294646013509503,3.839970305841267,3.875681916706375,4.694365601008999
Nivel general - current_prices_yoy,Argentina,,,,,,,,,,,,,24.795599999999983,25.006226257777907,25.437113435867364,25.396523331662717,25.498156776336263,26.290756997415187,29.4664977464892,31.20915549649692,34.42611016112578,40.54234047421197,45.90968959253574,48.46918028993174,47.64559006888065,49.31257663083408,51.275713013779736,54.73233993511908,55.79512282159131,57.29651198193557,55.75189582149274,54.38663707010072,54.48255808705677,53.54200569722636,50.48530755285898,52.09175300658877,53.83240201633388,52.85572867690067,50.27489185520109,48.3568665513352,45.56293143870713,43.42122821471692,42.75874911876987,42.390430987357576,40.6729416458653,36.62071923005068,37.23904007424079,35.79781989182178,36.140587812345416,38.53198030983,40.651782754865295,42.64884970291425,46.28015282904308,48.84472864674745,50.20007839147161,51.76617162510582,51.42388727099252,52.4712170969593,52.11165082286735,51.18234515503297,50.94163354346632,50.69016214159103,52.31925686439769
Núcleo,Argentina,100.0,101.5039,103.2105,105.2057,107.427,109.2069,110.6653,112.6183,114.231,116.0978,117.6245,119.1358,121.1263,122.9418,125.5123,128.746,131.4884,134.9794,140.4784,144.964,149.8236,161.272,168.5933,174.1546,178.9326,184.3056,191.4115,200.1771,207.7179,214.3182,220.1725,224.9011,235.3317,250.4818,260.0118,270.3554,280.3107,287.1529,293.9922,303.1665,308.3681,313.3195,320.5733,328.6943,338.6645,346.511,358.4989,372.6154,390.7655,406.0674,422.5932,441.72,461.8578,477.9293,495.1809,510.6974,526.6934,543.8748,561.2843,579.5414,605.1759,625.1594,652.9838
Núcleo - constant_prices,Argentina,626.2656271251417,625.7601063646404,623.394198327829,620.7084633815512,617.4164907735358,618.7683510183441,619.6450486285544,619.8430927332148,620.018814494579,618.4135964873348,617.1969259018746,616.6475734338497,607.851865216786,606.0536789120529,604.223839010117,605.8563707793929,602.4942843808186,605.7692748713237,607.9537535823315,608.5026736675541,605.2948898380946,611.7812229433406,606.7878443582543,607.3678693634679,608.2175886213929,608.8252544011787,609.1507746918693,608.4494261120066,610.6093878251429,611.0685630040849,611.256539815686,610.9436127136556,614.6906991906061,617.8121219420286,620.8304161175732,618.9145152781456,618.8088829163212,619.6613891890374,621.9806388135322,620.9004095456162,622.2202471657235,622.8680820955367,623.5698433337593,627.445118675537,629.4812567937392,626.5230301034165,624.4684303430773,627.1091111606496,632.361156222822,631.8496607900566,634.7144432156337,633.0553120418346,635.8462976706185,636.3367153051192,639.4823247965916,640.3111765401276,644.2604126978656,647.1566111515581,645.2871253851523,650.0259668809917,653.928870504,650.1657760000011,652.9838
Núcleo - current_prices_mom,Argentina,,1.5039000000000025,1.6813147081047974,1.9331366479185648,2.111387500867368,1.6568460442905495,1.3354467529066438,1.7647808301247014,1.4320052780054215,1.6342323887561294,1.3150119985047004,1.2848513702502506,1.6707824180473008,1.4988487223666525,2.0908267163812333,2.576400878638996,2.130085594892273,2.654987055892377,4.073954988687167,3.1930887595530644,3.352280566209531,7.641252779935859,4.539721712386524,3.298648285548711,2.7435393610045544,3.0028066433953398,3.855498693474302,4.579453167651892,3.7670642645937,3.177530679830687,2.7315925572350075,2.1476796602663883,4.637860819711426,6.437764228108667,3.80466764451548,3.978127146537181,3.6823011487841617,2.440934291841157,2.381762468705717,3.120592995324345,1.7157568530824063,1.6056784083697373,2.315144764369914,2.5332739813328065,3.0332743829144526,2.3168947439132337,3.459601571090088,3.937668985874154,4.871001037530909,3.915877937023615,4.069718475307305,4.526054844233185,4.558951371909803,3.4797506938282874,3.6096552356174927,3.133501312348685,3.1321874754012717,3.2621255553990425,3.2010124388921923,3.252736625628039,4.423238788462736,3.302097786775726,4.450768875905875
Núcleo - current_prices_yoy,Argentina,,,,,,,,,,,,,21.1263,21.120272225993286,21.60807282204815,22.37549866594681,22.397907416198915,23.5996992864004,26.939880884071155,28.72153104779596,31.15844210415737,38.91047031037624,43.33178887051592,46.18158437682038,47.72398727609115,49.9128856092883,52.50417688146898,55.4821897379336,57.974315605026725,58.77845063765286,56.73050091686696,55.142725090367286,57.07251728032168,55.31635993848902,54.224278188990894,55.23873615741415,56.65714352778644,55.80259091422073,53.59171209671312,51.44914178494942,48.45523664546967,46.19360371634327,45.60097196516368,46.15059686235414,43.9094265668416,38.33779540070377,37.87793477065271,37.82428610636224,39.40441802614028,41.41156157573196,43.74299726319269,45.70211418477968,49.774830794754685,52.53736202183394,54.46729343959711,55.37154127710764,55.52069968951574,56.95744146650468,56.56513869359154,55.5333998541123,54.86932700046447,53.95458980454968,54.51829324276869
Prendas de vestir y calzado,Argentina,100.0,99.0066,98.8523,102.255,106.8806,108.726,109.6911,108.3524,107.6769,111.7682,114.138,115.6644,116.6315,115.7454,115.036,120.0687,124.9254,127.3628,129.8016,129.6084,130.051,142.776,149.9773,153.444,155.1797,154.3105,155.7973,166.0308,176.3303,182.2453,185.7061,186.345,192.1506,210.4983,220.4635,230.249,235.763,238.2562,243.9437,254.1219,257.9206,277.3804,295.818,305.5099,312.2789,330.5055,351.1551,364.0892,377.2469,382.4282,393.1944,435.7025,461.9321,471.6343,487.9626,494.0248,510.8956,541.712,569.4577,592.8289,621.094,635.994,657.5762
Prendas de vestir y calzado - constant_prices,Argentina,626.2656271251417,610.3645332524308,597.0705530092583,603.2994782894892,614.2761594735957,616.0435625662891,614.1902384362544,596.3638833215063,584.4447119122773,595.3512860270886,598.9026327728336,598.6795874345256,585.2954710746682,570.5783182542237,553.7902942131394,565.0225003200076,572.4218978555333,571.587005139906,561.7473571808362,544.045817787684,525.4125899947273,541.61711820377,539.786590390432,535.1392116349954,527.4780723970431,509.7410464970846,495.8116204611613,504.6598485886615,518.3421194708005,519.6216354245619,515.5687840609784,506.2060057115156,501.9008772039401,519.1930167708382,526.4009035118277,527.100432350446,520.4661779339876,514.1447914156576,516.0962037786603,520.4545745803383,520.428084101863,551.4224226672543,575.4165550134899,583.1883773526083,580.4379096190078,597.5836476355576,611.6762815840337,612.7595762150248,610.4845127460724,595.0665540906557,590.5588747559239,624.4312734196038,635.9485875527357,627.9552672063194,630.1605289335458,619.407110606009,624.9362724148881,644.5830954847197,654.6837712393532,664.9295096389918,671.12933264,661.433760000001,657.5762
Prendas de vestir y calzado - current_prices_mom,Argentina,,-0.9933999999999888,-0.1558481959788582,3.4422062005638576,4.523592978338464,1.7265995886999177,0.8876441697478032,-1.2204271814212797,-0.6234287380805559,3.7996079010446993,2.1202810817388285,1.3373284970824797,0.8361258952624961,-0.7597432940500637,-0.6128969272212959,4.37489133836364,4.044934275127488,1.9510844071741973,1.914844836953966,-0.1488425412321747,0.3414902120541629,9.784622955609734,5.043774864122819,2.3114831377815115,1.1311618570944535,-0.5601248101394729,0.963511880267398,6.568470698786166,6.203367086106915,3.354500049055664,1.8989790134505524,0.3440382410701659,3.1155115511551257,9.548604063687538,4.734099990356211,4.438603215498249,2.3947986744784933,1.0575026615711636,2.387136200443063,4.172356162507995,1.4948337785920751,7.544880091004757,6.6470449966904654,3.276305025387249,2.2156401478315546,5.8366415406228,6.247883923263009,3.683301196536792,3.613867151236549,1.3734506499589516,2.8152212624487305,10.810962719713205,6.020071034708319,2.100351978137049,3.4620679624022266,1.2423493111972217,3.4149702606022903,6.031838990196814,5.121854417107263,4.104115195913582,4.767834361651402,2.398992745059525,3.3934596867265965
Prendas de vestir y calzado - current_prices_yoy,Argentina,,,,,,,,,,,,,16.6315,16.906751671100718,16.37159681666487,17.42085961566673,16.883138754834825,17.141070213196464,18.33375725104407,19.617470402132287,20.778922870179198,27.742953720288966,31.399971963763164,32.66311847033312,33.05127688488958,33.31890511415572,35.43351646441116,38.2798347945801,41.148477411319085,43.09146783833269,43.0691917511032,43.77540344607296,47.75019030995533,47.432551689359535,46.99791235073574,50.05409139490629,51.92902164393927,54.40051065870437,56.57761719875762,53.05708338452866,46.27128746449134,52.20167543415389,59.29363655798059,63.948536317046354,62.51778552864265,57.01100673972188,59.28037974540003,58.1284609270833,60.01107043938192,60.51133191916935,61.18243676717208,71.45413283939715,79.09856754365492,70.03158838908587,64.95365393586599,61.705005304247095,63.6023439303776,63.90408026492751,62.16700255812888,62.82518130172497,64.63859610244647,66.30415853224214,67.23946221004165
Recreación y cultura,Argentina,100.0,103.1906,103.7961,105.5114,108.2881,109.0808,111.6195,115.609,116.3997,119.536,121.032,121.8725,122.7547,127.0012,128.2519,129.8108,132.3056,135.6359,140.1805,147.2814,152.1489,162.4851,166.9487,171.6321,176.0803,182.2543,186.2753,189.9687,195.9999,200.6997,208.1341,216.1836,225.1959,242.2378,247.0628,255.3408,261.4482,274.5141,280.5764,287.5823,294.2192,301.4356,314.005,324.3321,335.0449,341.3154,350.1056,367.9236,387.0686,405.7084,415.0224,437.1879,443.676,457.4624,467.7135,482.1844,500.0179,518.8505,539.5742,547.4789,569.1202,593.0751,606.6697
Recreación y cultura - constant_prices,Argentina,626.2656271251417,636.1584218126699,626.9312380916202,622.5120783687214,622.3655011732034,618.0538660447443,624.9878733929689,636.303692275538,631.7900044779846,636.7277215391682,635.0766918095778,630.8127480850999,616.0237154038966,626.0648899417888,617.4124398831161,610.8671351029905,606.2387844979088,608.715558000105,606.6645203394118,618.2302204788809,614.6892189514019,616.3830868847102,600.8687284216686,598.5705969947257,598.5222115463109,602.0490997734672,592.8052562200304,577.4204266833916,576.1630507182541,572.2392091495307,577.8347876490113,587.2625327019025,588.2158044405314,597.4783366798256,589.9120768025635,584.5421525249133,577.1683656117406,592.3875000321374,593.5976822106203,588.9831754104437,593.6708218032327,599.2433092971148,610.7933775396051,619.1181075387865,622.7534469492158,617.1289183574537,609.8481598864635,619.2128445872778,626.3786015744713,631.2910490220997,623.3434696488632,626.560088869452,610.8151512550169,609.0861577049086,604.010607676408,604.5616454544227,611.6304829533085,617.3801971966553,620.3278524804512,614.0639845909918,614.968523312,616.798104000001,606.6697
Recreación y cultura - current_prices_mom,Argentina,,3.190599999999999,0.5867782530579291,1.6525669076198346,2.631658759148303,0.7320287270715875,2.327357335113067,3.5741962649895376,0.6839432916122545,2.6944227519486885,1.251505822513721,0.694444444444442,0.7238712588976126,3.459338013126989,0.984793844467613,1.2154985618146652,1.9218739889131031,2.517127015031861,3.3505878605885275,5.065540499570198,3.3048979708232062,6.793476653462482,2.7470826555788808,2.8052928833827373,2.5917063299930376,3.506354771090248,2.2062579593458143,1.9827642204844231,3.174838802392177,2.39785836625428,3.70424071386255,3.86745852793946,4.168817616137388,7.567588930349078,1.991844377714802,3.3505651194756902,2.391862170087977,4.997510023017937,2.208374724649853,2.4969669580192866,2.307826316153672,2.452729121688879,4.169845897432145,3.288832980366574,3.3030341430897447,1.871540202522115,2.5753892147849067,5.089321621819254,5.203525949409049,4.815632164427686,2.29573752971346,5.340796063055886,1.4840529666992008,3.1073125433875197,2.240861762627921,3.0939667125280623,3.698481327890324,3.7663851634111456,3.994156312849273,1.464988503898068,3.9529011985667495,4.20911083458293,2.2922223509299178
Recreación y cultura - current_prices_yoy,Argentina,,,,,,,,,,,,,22.754699999999996,23.074388558647783,23.561386217786605,23.03011807254951,22.179260694388404,24.344430917264997,25.587822916246704,27.39613697895493,30.712450289820342,35.92984540222191,37.937652852138285,40.82922726620033,43.440780678866055,43.505966872753966,45.24174690589378,46.34275422383962,48.141802009892245,47.96945351488804,48.47578657516558,46.7826894638427,48.01020579182629,49.0830851567313,47.987255965455255,48.77217024088149,48.48236855571009,50.62146681861552,50.6245862978076,51.38404379247736,50.11191332240477,50.192352056330925,50.86667682037687,50.02622770644951,48.779307260922586,40.90096591035752,41.707128713833065,44.09119106699752,48.04791159396012,47.791461349344175,47.917786385455095,52.02183861802345,50.79777254509563,51.7612385531105,48.95097211827837,48.66995897106698,49.23907213630174,52.0149691458399,54.11755767402751,48.80233287562958,47.03341991574619,46.182603071565694,46.17757981255952
Regulados,Argentina,100.0,101.8183,105.9316,110.0057,114.4649,115.6559,116.6875,119.3618,121.1349,123.2159,125.2808,127.1472,138.6978,141.6541,148.4773,151.4854,159.451,160.024,164.7325,168.9885,179.4614,187.9015,201.8885,207.5084,212.85,220.132,229.4204,240.6717,248.5813,257.831,265.016,269.7964,275.5073,284.7479,290.513,301.6025,315.4936,319.0685,321.3104,331.8502,329.6516,329.372,331.8382,333.55,336.9087,343.4046,348.5355,352.7236,362.0665,380.6817,388.8788,406.4306,420.7778,436.6403,450.6922,457.2079,462.3809,476.0569,485.2106,490.2282,498.6315,512.3766,528.2683
Regulados - constant_prices,Argentina,626.2656271251417,627.6983469390522,639.8297155772354,649.0282276550787,657.865498196391,655.3085064088671,653.3649808191406,656.9588358748395,657.4915486332028,656.3293004985778,657.3709102655278,658.1146250657516,696.0314682398846,698.2977997554601,714.7787444884434,712.8640475825629,730.6219874818303,718.1660493527805,712.9191513570871,709.3482110666749,725.0330945404478,712.7995526990929,726.6213290547217,723.6899558382164,723.5076992010593,727.1722666150148,730.1108574464885,731.5350144766859,730.7318022076008,735.133174261011,735.7538437170575,732.9016501615088,719.6301002759767,702.3292882658005,693.6581596587714,690.447333747271,696.4780230767099,688.5336347167743,679.7760207564403,679.6460858564342,665.1657549226921,654.7798842267114,645.4819986135984,636.7141728171902,626.2177225565268,620.9063797208507,607.113206215806,593.6313509355342,585.9186406413833,592.348962300303,584.0770533467262,582.4799653770489,579.2908689037795,581.3626707377888,582.0291045629797,573.2461695956176,565.5922581479291,566.4600936085219,557.8280975976078,549.8503811760959,538.80125364,532.8716640000009,528.2683
Regulados - current_prices_mom,Argentina,,1.818299999999984,4.03984352518163,3.845972306658263,4.053608131215025,1.040493636040396,0.8919562253201008,2.291847884306386,1.485483630441231,1.717919443529481,1.6758389136466878,1.4897733730946827,9.084431273358762,2.131468559703187,4.816803749414955,2.025966258815304,5.258328525389233,0.359358047299807,2.9423711443283374,2.5835824746179403,6.197403965358594,4.703016916172498,7.443793689778944,2.783665240962208,2.574160853247376,3.421188630490968,4.21946831900859,4.904228220332629,3.2864686624975104,3.72099590757633,2.786709123418052,1.803815618679616,2.1167443301689737,3.354030909525818,2.0246330174866767,3.817212999074071,4.605764209514174,1.1331133183050124,0.7026390884716127,3.280254856363185,-0.6625278514221122,-0.0848168187261855,0.7487582429593242,0.5158538106824428,1.006955478938698,1.9280891232550608,1.4941267531069835,1.2016279546846589,2.648787889440918,5.141375962702965,2.153268728178958,4.513437091453687,3.53004916460522,3.7698043955741056,3.2181866859289032,1.44570951083689,1.1314327683314307,2.9577346296094875,1.9228163692197373,1.0341076637649715,1.7141608744662085,2.7565647176321706,3.101566308843906
Regulados - current_prices_yoy,Argentina,,,,,,,,,,,,,38.6978,39.12440101632026,40.16336957055309,37.706864280669095,39.30121810266727,38.362158783079806,41.1740760578468,41.57670209396975,48.15003768525834,52.49777017414148,61.14879534613444,63.20327934866046,53.46314072753857,55.40107910748788,54.51547138855568,58.87451860047239,55.89823833027074,61.12020696895466,60.876572625316825,59.65370424614693,53.51897399663659,51.5410467718459,43.89774553775969,45.344718575248045,48.223443739722825,44.94416986171932,40.05310774455977,37.88501099215238,32.6131933496204,27.7472452885805,25.21440214930417,23.63026341344807,22.2866689920739,20.59951978574732,19.97242808411328,16.94982634427764,14.761915931099722,19.310336181729014,21.029011199139514,22.47411633321301,27.643184501455487,32.567522436636985,35.81685291205172,37.07327237295757,37.24219647637474,38.6285739911463,39.21411161847215,38.98366879902567,37.71820922399613,34.594491933812435,35.84394418003758
Restaurantes y hoteles,Argentina,100.0,103.1002,104.8886,105.9567,107.9795,109.5541,110.9475,113.777,114.5928,116.2141,117.834,119.9896,122.136,125.7038,128.3425,130.5949,133.5827,136.7886,140.423,144.436,147.9425,156.4246,161.2576,165.4071,169.794,176.1325,182.5376,190.4396,198.2112,202.6055,207.737,213.878,221.5727,233.2019,239.127,247.0036,255.1194,265.7678,273.9206,279.826,284.0325,288.4158,294.9019,300.6189,306.2356,311.5692,322.1058,332.4733,347.7424,366.4717,386.2568,398.4108,413.8512,429.2946,442.6958,463.7774,477.4438,496.8871,517.4057,543.1712,575.1289,607.7867,634.0233
Restaurantes y hoteles - constant_prices,Argentina,626.2656271251417,635.6011159986532,633.5299675006742,625.1393265001801,620.5918806769341,620.7355927537433,621.225163016018,626.220494909859,621.9825792089223,619.0330871346293,618.2962101154224,621.0668470543552,612.9188740192458,619.6692292062172,617.8485937884649,614.5569738578109,612.090596905564,613.8887195576773,607.7139968798886,606.2863343578189,597.6951510968386,593.3927345504667,580.3857655694836,576.8607771749358,577.1541756079149,581.8266733122357,580.9103447305652,578.8517534173494,582.6634078819735,577.6730662245396,576.7323340185135,580.9993726129895,578.7519398557457,575.1913339808033,570.9637597791599,565.4561120878554,563.1970200362745,573.513428385067,579.5164285725472,573.097878563468,573.116260576559,573.3604074819789,573.6345839838438,573.851938979804,569.2051288605237,563.3451153668929,561.0753710273622,559.5502377186987,562.7384867182468,570.2378948276945,580.1389368079097,570.9863110450895,569.7549187359024,571.582273073078,571.7024613867113,581.4829929557529,584.0174561291963,591.2459480765157,594.8415746011291,609.2323766031359,621.4612841840001,632.098168000001,634.0233
Restaurantes y hoteles - current_prices_mom,Argentina,,3.1001999999999974,1.7346232112061877,1.0183184826568326,1.909081728668416,1.4582397584726792,1.2718830240036727,2.5503053245904628,0.7170166202308037,1.4148358361083746,1.3938928236763015,1.829353157832192,1.7888216978804827,2.9211698434532085,2.099140996533122,1.7549915265792748,2.287838192762504,2.3999365187258537,2.656946558412021,2.857793951133369,2.4277188512559222,5.733376142758173,3.0896674819689496,2.573212053261376,2.652183612432601,3.733052993627562,3.6365236398733902,4.328971127044512,4.080873935883078,2.216978657109192,2.532754540227189,2.956141659887268,3.5977052338249,5.248480521291654,2.540759745096421,3.293898221447189,3.2857010990932967,4.173888775216628,3.067640248367165,2.155880207622229,1.5032555945480477,1.5432388899157434,2.2488712476917083,1.938610771921101,1.8683788677291924,1.7416655672952697,3.381784849080072,3.2186629362153774,4.592579313887746,5.38596961428921,5.39880705658855,3.146611270015187,3.875497350975432,3.7316310789965,3.1216791452769237,4.762096229510182,2.9467585095780846,4.072374591522587,4.129428999062368,4.979748000456885,5.883540953570443,5.678344454608331,4.316744673748207
Restaurantes y hoteles - current_prices_yoy,Argentina,,,,,,,,,,,,,22.136,21.923914793569743,22.36077133263292,23.25308357093039,23.711167397515265,24.85940736129455,26.5670700105906,26.946570923824687,29.10278830781689,34.60036260660282,36.85150296179371,37.851197103749,39.02043623501672,40.11708476593388,42.226931842530725,45.82468381230815,48.38089063928188,48.11577865406913,47.93659158399976,48.07804148550221,49.769471247275135,49.08262511139552,48.288824836782894,49.330711922281445,50.252305735184976,50.8908350247683,50.0625624528864,46.93687657398986,43.29790647551703,42.353391196191616,41.95925617487497,40.5562516948915,38.20998706068031,33.60491488276898,34.700723883124866,34.60261307932353,36.30574546663248,37.89168590024825,41.010497202474006,42.378049216298685,45.70557946713842,48.84572897878687,50.11629290960824,54.27419899414176,55.90734715362944,59.47888944093316,60.63222084172344,63.37287836346559,65.38935142795359,65.84819509937603,64.14553737306372
Salud,Argentina,100.0,102.3501,105.0852,107.1422,109.052,110.7256,112.3558,116.0848,119.0025,121.8977,123.2121,124.8225,127.7938,130.037,133.0853,134.821,137.2231,140.2549,146.2916,150.399,156.5273,163.6215,172.5763,182.333,191.9052,197.4877,203.7521,210.369,217.7389,228.7921,236.9165,246.6508,259.4603,281.0982,294.2595,312.847,330.324,323.7294,325.1671,333.8163,337.7523,341.3461,348.9759,356.5467,365.1113,377.8509,389.5109,403.8029,424.9668,439.3776,454.7265,472.856,490.482,513.7918,530.2766,550.5464,573.6501,598.3555,626.6749,641.9374,645.1434,671.6729,696.1161
Salud - constant_prices,Argentina,626.2656271251417,630.9768340175262,634.7174367929579,632.1337182806524,626.7558728423546,627.3733338050687,629.1106169205715,638.9224615476942,645.9173864528118,649.3076962744701,646.5160689644961,646.0819647406296,641.3115871048724,641.0301642296324,640.680721186793,634.4442682867702,628.7713093703893,629.4450047203501,633.1117619332581,631.316696675909,632.3781754687137,620.6939913303227,621.1231470308927,635.8902132051016,652.3133179080063,652.3702979920504,648.4236817542062,639.4282728731544,640.0672086263149,652.3368513438751,657.742270334592,670.0266509621932,677.7150431463523,693.3273212508245,702.6036811850425,716.1889474418563,729.2173486079943,698.591620441004,687.9353961742648,683.6727586425358,681.5112185300347,678.5839714342428,678.8177533508176,680.6126132849613,678.6383574115268,683.1883859251309,678.4881636304027,679.5974554543174,687.7078375760213,683.6810527482609,682.9770977452874,677.6781731206504,675.2536468455883,684.0856720077734,684.8053165080322,690.2737572659106,701.6986546065924,711.9831947424226,720.4642010689196,720.0106482678718,697.116152304,698.5398160000011,696.1161
Salud - current_prices_mom,Argentina,,2.3500999999999994,2.672298317246402,1.95745928065989,1.7824909326110472,1.534680702783997,1.472288251316778,3.3189207855758296,2.513421223105872,2.4328900653347585,1.0782812144938037,1.307014489648339,2.380420196679278,1.7553277232541742,2.344178964448562,1.304201140171002,1.7816957298937064,2.209394773911977,4.304092049546937,2.8076800034998683,4.074694645576105,4.532244534978891,5.472874897247615,5.653557296106127,5.249845063702141,2.9089883963540286,3.1720456514507056,3.247524810787228,3.5033203561361197,5.076355212596373,3.5509967345900506,4.108747174637473,5.193374600852718,8.339580274901405,4.68210041899948,6.316703453924166,5.586436820554464,-1.9964035310785837,0.4441054782172937,2.6599246971787727,1.1790916141602326,1.0640342049484053,2.2352093666809347,2.1694334766383383,2.4020976775272374,3.489237391447486,3.0858732902316666,3.669216959011945,5.24114611361135,3.3910413707612053,3.4933278346461094,3.986902016926664,3.7275618793036536,4.752427204260279,3.208459146292353,3.822495656040626,4.196503691605291,4.306701942525604,4.7328720133766655,2.435473321174997,0.4994256449304846,4.1121865309325045,3.639152331439899
Salud - current_prices_yoy,Argentina,,,,,,,,,,,,,27.7938,27.051170443409436,26.64514127584092,25.83370511339136,25.832722004181477,26.66890041688643,30.20387020518744,29.55959781125521,31.53278292472848,34.22853753598303,40.064409258506274,46.07382483126039,50.16784851847274,51.87039073494466,53.09887718628581,56.035780775991874,58.67510645073608,63.12592287328287,61.94812279037212,63.99763296298513,65.76041367863627,71.79783830364592,70.5097976952803,71.58002117005697,72.1287385646663,63.92382918024768,59.58956987437183,58.681317114213606,55.11803357140135,49.19488041763677,47.299111712354346,44.555257878750034,40.719524335707625,34.41953737163739,32.36986401458577,29.073604669375143,28.65150579431104,35.723724814613675,39.8439448517393,41.65156105319004,45.2194404005539,50.51931163121535,51.95221217281767,54.41074058461346,57.11650118744611,58.35756908346652,60.88764139848204,58.97295437947572,51.81030612273714,52.86917221087286,53.08456841639975
Servicios,Argentina,100.0,102.4355,105.5426,108.6229,112.0904,113.7331,115.419,118.5735,120.4902,122.8259,124.5736,125.9672,134.189,137.0514,141.8872,145.6943,151.1036,152.736,156.6875,159.953,167.999,173.0112,180.9641,184.8322,191.667,198.4457,206.0277,214.5221,220.6468,227.1999,233.4205,239.3509,244.7381,253.5732,260.9456,267.232,279.178,283.5081,288.3802,298.5626,298.0086,299.877,302.644,305.866,310.4773,314.0154,319.9093,328.1032,341.2656,354.2333,363.2531,378.9729,388.4611,399.1277,410.0618,422.6424,432.4694,448.6131,463.3373,474.6729,492.1334,511.9611,526.332
Servicios - constant_prices,Argentina,626.2656271251417,631.503315394927,637.4801451057278,640.8697755639466,644.2185057518309,644.4138854157056,646.2623050555062,652.6200888861032,653.9922697185067,654.2519027991377,653.6601045575519,652.0069384035397,673.404817463881,675.6083380107281,683.0536026381182,685.6121342895632,692.37328425447,685.4584919383735,678.102496643125,671.4206848675967,678.7244212387772,656.3135790397272,651.3118620089385,644.6062263285746,651.5036419204578,655.5349039167555,655.6655846852674,652.0518512524284,648.6152973507665,647.7971371898037,648.0364584680073,650.1964799294664,639.260387816773,625.437044765849,623.0600512440199,611.7642323652846,616.3083546750543,611.7960957118823,610.107686588876,611.4713882140803,601.3170128476689,596.1448676337197,588.6942913396164,583.8681372594893,577.0892461711423,567.7680648150747,557.2492926007657,552.1953899945221,552.2573241370467,551.194679616099,545.5884976683318,543.1286957006677,534.8000016976132,531.4166961625642,529.5585374441441,529.9080285110972,529.0039976259401,533.8047166630905,532.6811998851882,532.4032256793118,531.779666704,532.4395440000009,526.332
Servicios - current_prices_mom,Argentina,,2.4355000000000127,3.0332257859823963,2.918537159402934,3.1922366278197334,1.465513549777664,1.4823301220137308,2.7330855405089283,1.6164657364419632,1.9384979027339933,1.4229083605330706,1.1186960961230952,6.526937170946079,2.133110761686874,3.5284572065662934,2.683187771694695,3.712773938307823,1.080318404061842,2.5871438298763927,2.0840845632229765,5.030227629366113,2.983470139703215,4.596754429771011,2.1374957795496474,3.697840527786833,3.536706892683661,3.8206925118559054,4.122940750200077,2.8550438393060817,2.96995016469761,2.737941345924888,2.540650885419238,2.250754018472456,3.6100223054767566,2.907405041226752,2.4090844988380766,4.470273021195048,1.5510176303290324,1.7185046917530755,3.530894284697772,-0.1855557260018403,0.6269617722441501,0.922711645107821,1.06461717397337,1.5076209843526422,1.139568013506942,1.876946162513038,2.561319724059308,4.011664622594346,3.799884899034645,2.546287997204111,4.327506083224053,2.5036618713369707,2.7458605250306967,2.739499162799275,3.067976583041876,2.3251334934687007,3.7329115077274766,3.282160061754791,2.4465114291467582,3.678427818398733,4.028927928890824,2.807029674715511
Servicios - current_prices_yoy,Argentina,,,,,,,,,,,,,34.189,33.79287454056454,34.435952875900355,34.12853090830754,34.805121580438644,34.29335874956367,35.75537823062061,34.89776383424628,39.429596763886174,40.85889051087759,45.26681415645049,46.73041871217269,42.83361527397924,44.79655078313682,45.20527574016542,47.24124416672444,46.02352293393408,48.75333909490889,48.971998404467485,49.63826874144279,45.67830760897387,46.56461546998114,44.19744026577648,44.5808684850367,45.65783363855018,42.86432006337251,39.97156693007784,39.17568399712663,35.06137410558412,31.98817429056966,29.656135600772004,27.78978478877665,26.861040434652384,23.836194045743,22.59616563758882,22.77840977128487,22.23943147382674,24.94644773817749,25.9632596135241,26.93247580239455,30.35231198025827,33.09713649262864,35.493120630179355,38.17894110492832,39.29179363515465,42.86340733607332,44.833957624864325,44.67182886360146,44.208323370418825,44.52653096137489,44.89401466911088
Transporte,Argentina,100.0,102.0755,103.9957,105.2177,105.8674,106.8575,107.5925,109.9058,111.0994,111.9943,113.4318,116.8496,120.6253,123.2423,128.7666,131.0603,136.3269,138.9243,147.1719,154.8231,161.083,177.8431,191.3913,196.5066,201.2271,206.205,210.7001,219.4872,229.0584,237.057,240.7657,243.5064,253.1342,265.0598,274.3506,286.9334,301.1997,305.6389,310.5997,315.6444,319.8688,323.2338,329.1348,335.1763,344.7144,357.1236,371.9913,385.4469,404.314,422.9057,443.3079,461.8773,487.9806,517.0463,533.8777,546.1141,559.4713,576.4905,594.2962,607.3504,637.3158,654.8718,687.1919
Transporte - constant_prices,Argentina,626.2656271251417,629.2839559585775,628.1368274646611,620.7792627922349,608.4529829122866,605.456606395225,602.4396074882346,604.9136861532998,603.0212313562785,596.5556440266871,595.1970742448747,604.8141893260964,605.3376813898747,607.5350231783079,619.890236959088,616.7470656273474,624.6648225802079,623.4734520453212,636.9214699686466,649.8873533808332,650.7834329157075,674.6432685775262,688.8406262640565,685.3209444818526,683.9997939295348,681.1665602336285,670.5350992111463,667.1435487822095,673.3421115859862,675.9019081909952,668.4286579309473,661.4848915140767,661.191154387848,653.7686869047161,655.067182182139,656.8659112342875,664.9230653404635,659.553239281962,657.1160725396505,646.4557833097665,645.4261766914392,642.5773597699864,640.2234236965093,639.8186197044713,640.7263050803961,645.711564693301,647.9708116601774,648.7044358838303,654.2861857484197,658.050419933197,665.826915628533,661.9439424896767,671.8099333714555,688.4188607031736,689.4558185767206,684.716550145258,684.3549029295058,685.9660317798642,683.2396461567151,681.2171330565119,688.657960848,681.0666720000011,687.1919
Transporte - current_prices_mom,Argentina,,2.075500000000008,1.881156594873401,1.175048583739513,0.617481659454655,0.9352265192117626,0.6878319256954368,2.1500569277598247,1.0860209379304877,0.8054948991623734,1.2835474662549862,3.0130880405671023,3.231247689337402,2.169528283038469,4.482470710137676,1.7812848984130936,4.018455626913697,1.9052732806218,5.936758364087491,5.19881852446018,4.043259694451273,10.404636119267696,7.61806333785231,2.672692018916223,2.402209391440291,2.4737721708457894,2.17991804272446,4.170429914366447,4.360709872830859,3.491947904988413,1.5644760542823155,1.1383265971855572,3.953818051599467,4.711176917224136,3.5051712858758632,4.586394197789256,4.971990015801575,1.4738394493752691,1.6230918250262016,1.6241805771222584,1.338341500752116,1.0519938174651466,1.8256135342281652,1.8355701068377028,2.845696429013622,3.599849614637507,4.16318047869142,3.617181369564282,4.894863598591659,4.5983319894933095,4.82429061608769,4.188826772543419,5.651565902892397,5.956322853818374,3.255298413314245,2.2919855989489646,2.4458625038247472,3.0420148450867712,3.0886371935010315,2.196581435317957,4.933791103125951,2.754678292927948,4.9353323810859
Transporte - current_prices_yoy,Argentina,,,,,,,,,,,,,20.625300000000003,20.73641569230617,23.819157907490407,24.561076700973334,28.771368712181467,30.00893713590529,36.78639310360852,40.86890773735328,44.98998194409691,58.796563753691046,68.72808154327095,68.17053716914734,66.81997889331674,67.31674108646139,63.629466026127865,67.47039339906897,68.02142497188743,70.63753425426653,63.59488462131699,57.28040583091283,57.145198438072285,49.04137411010044,43.34538717277117,46.01718212009165,49.68147928385391,48.22089668048783,47.41317161216345,43.80993515795,39.64508614397029,36.35277591465342,36.70335932402331,37.64578672264878,36.17851716599338,34.73321869253656,35.589752674133045,34.33322854711234,34.23452945006253,38.36776012477472,42.72644178342737,46.32836825237514,52.55648565912024,59.96046824311072,62.20639689270173,62.9333875933352,62.2999503356982,61.42604409229746,59.7607793515601,57.57044614965121,57.62892207541661,54.85054942508458,55.01458467128604
"Vivienda, agua, electricidad y otros combustibles",Argentina,100.0,101.4784,107.0014,110.8463,117.4108,119.5207,121.6359,124.0879,126.7648,129.2656,130.4139,132.0294,155.5929,157.216,163.1754,164.1018,177.2462,175.9498,180.6206,182.4306,193.6678,198.1079,215.507,220.0981,226.6993,233.7201,248.6768,255.6783,263.2012,273.6695,281.0736,287.2242,293.329,299.168,304.8007,309.4466,316.0254,318.0346,319.9809,324.3739,324.3903,324.7404,327.7297,331.0918,338.8038,343.9618,351.9646,360.8388,371.5185,375.7501,383.4268,388.4775,401.9368,410.1034,420.2876,432.405,437.3723,445.7672,456.979,466.9551,476.8025,485.193,498.9476
"Vivienda, agua, electricidad y otros combustibles - constant_prices",Argentina,626.2656271251417,625.602901737899,646.291336375227,653.9877263734801,674.7965047419499,677.2065359565943,681.0724153865573,682.9709532710925,688.0493124952283,688.5540001455086,684.3052100104527,683.384919830371,780.8166721801033,775.0117143545752,785.5362910249548,772.2346401936043,812.1615475450263,789.6388838574956,781.6786904199711,765.7729357549191,782.4276660431743,751.5172710497608,775.6359711454388,767.5968021972861,770.5834576156482,772.0584688754379,791.3927082118631,777.1484096047623,773.7085903855325,780.2922388441413,780.3339480159339,780.2442513922322,766.1807062239438,737.8963936587522,727.772914205923,708.4045387792152,697.652015235892,686.3025309728018,676.9632819854709,664.3342432488707,654.5495874708287,645.5724272729192,637.4902641137609,632.0217105787874,629.7401759868386,621.9138473982797,613.0863478195585,607.2891757567598,601.214457822322,584.6752859915123,575.8884143804304,556.7503055866426,553.3521923362036,546.0302402289658,542.7642534903506,542.1483530008844,535.0013091119324,530.4183803230428,525.3713051859486,523.7467769645278,515.2137094,504.6007200000008,498.9476
"Vivienda, agua, electricidad y otros combustibles - current_prices_mom",Argentina,,1.4783999999999908,5.442537525227054,3.5933174706125337,5.92216429416228,1.7970237831613556,1.7697352843482284,2.0158522278373336,2.1572611028150224,1.9727873983945263,0.8883260511690638,1.2387483236065977,17.847161314070938,1.0431709930209143,3.7905811113372554,0.5677326361694268,8.009906046125014,-0.7314120133463997,2.6546208066164256,1.0021005355978163,6.159712241257775,2.2926371859441685,8.78263814820106,2.1303716352601088,2.999208080396887,3.096965892704562,6.399406811823205,2.8155018883949,2.942330264242199,3.977299495595021,2.7054896508379445,2.188252471950402,2.125447646820855,1.990597588373455,1.882788266124713,1.5242419062685864,2.1259887812630662,0.6357716816433268,0.6119774389327537,1.3728944446371516,0.0050558938311739,0.1079255452459682,0.9205198983557096,1.0258758971188664,2.3292633644203864,1.5224150378478465,2.326653715616112,2.521333111341306,2.959687262012856,1.1390011533745747,2.0430333884142726,1.3172527324641914,3.4646279385549983,2.031811966458408,2.483324937076836,2.883120986676735,1.1487609995259218,1.9193945295575388,2.515169352971691,2.1830543635484423,2.108853720625392,1.7597432899365997,2.834871896338176
"Vivienda, agua, electricidad y otros combustibles - current_prices_yoy",Argentina,,,,,,,,,,,,,55.59289999999999,54.925580221998,52.498378525888434,48.044454348047694,50.962432757463525,47.21282589543068,48.49283805192381,47.01723536299672,52.77726939970717,53.256473493334646,65.24848961652093,66.70385535342885,45.70028580995664,48.66177742723386,52.39846202307454,55.80468952808562,48.49469269298863,55.538397883941904,55.61547243226963,57.44299476074737,51.459870974937495,51.01265522475378,41.43424575535831,40.59485293148828,39.40290067062404,36.07498884349272,28.673402585202968,26.8679821478788,23.248032303804106,18.661524210772477,16.599246603024966,15.272947056689512,15.503001748889478,14.972791207615789,15.473684935762954,16.607776592148692,17.55969615100559,18.147553756729607,19.8280272353756,19.76225584117588,23.905307896074568,26.28653533714931,28.24214589034806,30.59973095075141,29.09309163592615,29.59787976455526,29.83663697996899,29.408228826833493,28.338831040715327,29.12651254118097,30.128514751707502
